from,to,jaccard,k
WP716,GO:0042572,0.24,12
WP4149,WP4211,0.375,12
WP5234,WP4803,0.4444444444444444,76
WP5188,GO:0042572,0.2727272727272727,9
