from,to,jaccard,k
WP2446,WP466,0.19626168224299065,21
WP2446,WP179,0.25308641975308643,41
WP466,GO:0030174,0.18604651162790697,8
WP466,GO:0006270,0.3829787234042553,18
WP466,GO:0006260,0.24691358024691357,20
WP4240,GO:0007094,0.30434782608695654,7
WP4016,GO:0006302,0.21052631578947367,24
WP4016,GO:0000724,0.1984126984126984,25
WP179,GO:0051301,0.16974169741697417,46
GO:0030174,GO:0006270,0.1724137931034483,5
