from,to,jaccard,k
WP111,WP623,0.5233644859813084,56
WP111,WP4324,0.3114754098360656,38
WP623,WP4324,0.41975308641975306,34
