from,to,jaccard,k
WP1533,WP176,0.5178571428571429,29
WP2446,WP45,0.30701754385964913,35
WP3896,WP558,0.9767441860465116,42
