A,B,jaccard,k
GO:0006270,WP466,0.3829787234042553,18
GO:0006935,WP5095,0.1724137931034483,15
GO:0007596,WP558,0.22784810126582278,18
