from,to,jaccard,k
WP197,WP4718,0.3409090909090909,15
WP197,WP5193,0.7777777777777778,14
WP197,WP5329,0.30952380952380953,13
WP3858,WP4136,0.3404255319148936,16
WP3858,WP4329,0.3902439024390244,16
WP3858,WP75,0.375,27
WP3896,WP545,0.35,14
WP3896,WP558,1,37
WP4718,WP5193,0.38636363636363635,17
WP4718,WP5329,0.7872340425531915,37
WP5193,WP5329,0.35714285714285715,15
WP545,WP558,0.35,14
