from,to,jaccard,k
WP1530,WP2516,0.325,26
WP1530,WP707,0.9428571428571428,66
WP2446,WP45,0.30701754385964913,35
WP2516,WP707,0.3333333333333333,26
