from,to,jaccard,k
GO:0008543,GO:0038063,0.5194805194805194,40
GO:0008543,GO:0038109,0.5555555555555556,40
GO:0038063,GO:0038109,0.8163265306122449,40
